{"cameraMode":{"drawMode":0,"name":"Shaded","section":"Shading Mode"},"sceneLighting":true,"audioPlay":false,"sceneViewState":{"showFog":true,"showMaterialUpdate":false,"showSkybox":true,"showFlares":true,"showImageEffects":true,"showParticleSystems":true},"in2DMode":false,"pivot":{"x":124.09880065917969,"y":1.426550030708313,"z":89.21356201171875},"rotation":{"x":-0.04508151486515999,"y":-0.902022659778595,"z":-0.0972428247332573,"w":0.4181787967681885},"size":0.9461042881011963,"orthographic":false}