{"cameraMode":{"drawMode":0,"name":"Shaded","section":"Shading Mode"},"sceneLighting":false,"audioPlay":false,"sceneViewState":{"showFog":true,"showMaterialUpdate":false,"showSkybox":false,"showFlares":true,"showImageEffects":true,"showParticleSystems":true},"in2DMode":false,"pivot":{"x":0.008568018674850464,"y":0.656309962272644,"z":0.11848092079162598},"rotation":{"x":0.0029876502230763437,"y":0.9967336058616638,"z":-0.04399394616484642,"w":0.06768303364515305},"size":0.9581509232521057,"orthographic":false}