{"cameraMode":{"drawMode":0,"name":"Shaded","section":"Shading Mode"},"sceneLighting":false,"audioPlay":false,"sceneViewState":{"showFog":true,"showMaterialUpdate":false,"showSkybox":false,"showFlares":true,"showImageEffects":true,"showParticleSystems":true},"in2DMode":false,"pivot":{"x":140.6999969482422,"y":12.800000190734864,"z":-46.5},"rotation":{"x":-0.06575179845094681,"y":0.12360721081495285,"z":-0.008206156082451344,"w":-0.9901371002197266},"size":1.1445519924163819,"orthographic":false}