{"cameraMode":{"drawMode":0,"name":"Shaded","section":"Shading Mode"},"sceneLighting":false,"audioPlay":false,"sceneViewState":{"showFog":true,"showMaterialUpdate":false,"showSkybox":false,"showFlares":true,"showImageEffects":true,"showParticleSystems":true},"in2DMode":false,"pivot":{"x":26.01915740966797,"y":7.208579063415527,"z":36.837127685546878},"rotation":{"x":0.4318832457065582,"y":0.09790392220020294,"z":-0.04718201979994774,"w":0.8954079747200012},"size":111.67845153808594,"orthographic":false}