{"cameraMode":{"drawMode":0,"name":"Shaded","section":"Shading Mode"},"sceneLighting":false,"audioPlay":false,"sceneViewState":{"showFog":true,"showMaterialUpdate":false,"showSkybox":false,"showFlares":true,"showImageEffects":true,"showParticleSystems":true},"in2DMode":false,"pivot":{"x":0.008568018674850464,"y":0.656309962272644,"z":0.11848092079162598},"rotation":{"x":0.23668739199638368,"y":0.09083539247512818,"z":-0.022047128528356553,"w":0.9671288132667542},"size":0.9581509232521057,"orthographic":false}