{"cameraMode":{"drawMode":0,"name":"Shaded","section":"Shading Mode"},"sceneLighting":true,"audioPlay":false,"sceneViewState":{"showFog":true,"showMaterialUpdate":false,"showSkybox":true,"showFlares":true,"showImageEffects":true,"showParticleSystems":true},"in2DMode":false,"pivot":{"x":117.59148406982422,"y":-2.1838603019714357,"z":53.74919891357422},"rotation":{"x":0.008037347346544266,"y":0.9795894026756287,"z":-0.19684907793998719,"w":0.03999009355902672},"size":10.584519386291504,"orthographic":false}